Year,Start Date,End Date,Days Active,Storm Name,Storm Category,Max Wind (mph),Min Pressure mbar,Damage $millions,Deaths,Caribbean,Florida,US Gulf Coast,US East Coast,Canada,Mexico,Central America,Africa
2019,10/25/2019,10/28/2019,4,Pablo,1,80,977,0,0,0,0,0,0,0,0,0,0
2019,9/23/2019,10/2/2019,10,Lorenzo,5,160,925,0,0,0,0,0,0,0,0,0,0
2019,9/17/2019,9/24/2019,8,Jerry,2,105,976,0,0,1,0,0,0,0,0,0,0
2019,9/13/2019,9/19/2019,7,Humberto,3,125,950,25,2,1,0,0,1,1,0,0,0
2019,8/24/2019,9/7/2019,15,Dorian,5,185,910,5070,84,1,0,0,1,1,0,0,0
2019,7/11/2019,7/15/2019,5,Barry,1,75,993,700,1,0,0,0,1,0,0,0,0
2018,10/26/2018,10/31/2018,6,Oscar,2,110,966,0,0,0,0,0,0,0,0,0,0
2018,10/7/2018,10/11/2018,5,Michael,5,160,919,25100,74,1,1,0,1,1,0,0,0
2018,9/23/2018,10/13/2018,21,Leslie,1,90,968,500,16,1,0,0,1,0,0,0,0
2018,9/7/2018,9/15/2018,9,Isaac,1,75,995,0,0,1,0,0,0,0,0,0,1
2018,9/7/2018,9/16/2018,10,Helene,2,110,967,0,3,0,0,0,0,0,0,0,1
2018,8/31/2018,9/17/2018,18,Florence,4,150,937,24200,54,0,0,0,1,1,0,0,1
2018,7/6/2018,7/12/2018,7,Chris,2,105,969,0,1,1,0,0,1,1,0,0,0
2018,7/4/2018,7/15/2018,12,Beryl,1,80,991,0,0,1,0,0,0,1,0,0,0
2017,10/9/2017,10/15/2017,7,Ophelia,3,115,959,87.7,5,0,0,0,0,0,0,0,0
2017,10/4/2017,10/8/2017,5,Nate,1,90,981,787,48,1,1,0,1,1,1,1,0
2017,9/16/2017,9/30/2017,15,Maria,5,175,908,91610,3059,1,0,0,1,0,0,0,0
2017,9/15/2017,9/30/2017,16,Lee,3,115,962,0,0,0,0,0,0,0,0,0,0
2017,9/5/2017,9/9/2017,5,Katia,2,103,972,3.3,3,0,0,0,0,0,1,0,0
2017,9/5/2017,9/25/2017,21,Jose,4,155,938,2.8,1,1,0,0,1,0,0,0,0
2017,8/30/2017,9/12/2017,14,Irma,5,177,914,77600,134,1,1,0,1,0,0,0,0
2017,8/17/2017,9/2/2017,18,Harvey,4,134,937,125000,107,1,0,1,0,0,0,1,0
2017,8/12/2017,8/18/2017,7,Gert,2,110,962,0,2,1,0,0,1,0,0,0,0
2017,8/7/2017,8/10/2017,4,Franklin,1,85,981,15,0,1,0,0,0,0,1,1,0
2016,1/12/2016,1/15/2016,4,Alex,1,85,981,0,0,1,0,0,0,0,0,0,1
2016,8/2/2016,8/6/2016,5,Earl,1,85,979,250,106,1,0,0,0,0,1,1,0
2016,8/22/2016,9/2/2016,12,Gaston,3,120,955,0,0,0,0,0,0,0,0,0,1
2016,8/28/2016,9/3/2016,7,Hermine,1,80,981,550,5,1,1,0,1,1,0,0,0
2016,9/28/2016,10/9/2016,12,Matthew,5,165,934,15090,603,1,0,0,1,1,0,0,0
2016,10/4/2016,10/18/2016,15,Nicole,4,140,950,15,1,1,0,0,0,0,0,0,0
2016,11/20/2016,11/25/2016,6,Otto,3,115,975,190,23,0,0,0,0,0,0,1,0
2015,8/18/2015,8/24/2015,7,Danny,3,125,960,0,0,1,0,0,0,0,0,0,0
2015,8/30/2015,9/6/2015,8,Fred,1,85,986,1.1,9,0,0,0,0,0,0,0,1
2015,9/28/2015,10/8/2015,11,Joaquin,4,155,931,200,34,1,0,0,1,0,0,0,0
2015,11/8/2015,11/11/2015,4,Kate,1,85,980,0,0,1,0,0,0,0,0,0,0
2014,7/1/2014,7/5/2014,5,Arthur,2,100,973,22.7,1,1,0,0,1,1,0,0,0
2014,8/1/2014,8/6/2014,6,Bertha,1,80,998,0,4,1,0,0,1,0,0,0,0
2014,9/11/2014,9/19/2014,9,Edouard,3,120,955,0,2,0,0,0,1,0,0,0,0
2014,10/10/2014,10/13/2014,4,Fay,1,80,983,3.8,0,1,0,0,0,0,0,0,0
2014,10/12/2014,10/19/2014,8,Gonzalo,4,145,940,200,6,1,0,0,0,1,0,0,0
2013,9/8/2013,9/19/2013,12,Humberto,1,90,979,0,0,0,0,0,0,0,0,0,1
2013,9/12/2013,9/17/2013,6,Ingrid,1,85,983,1500,23,0,0,1,0,0,1,0,0
2012,6/18/2012,6/22/2012,5,Chris,1,85,974,0,0,1,0,0,0,1,0,0,0
2012,8/1/2012,8/10/2012,10,Ernesto,2,100,973,174,12,1,0,0,0,0,1,1,0
2012,8/15/2012,8/20/2012,6,Gordon,2,110,965,8,0,0,0,0,0,0,0,0,1
2012,8/21/2012,9/1/2012,12,Isaac,1,80,965,2390,41,1,0,1,0,0,0,0,0
2012,8/28/2012,9/2/2012,6,Kirk,2,105,970,0,0,0,0,0,0,0,0,0,0
2012,8/30/2012,9/11/2012,13,Leslie,1,80,968,10.1,0,1,0,0,0,1,0,0,0
2012,9/3/2012,9/11/2012,9,Michael,3,115,964,0,0,0,0,0,0,0,0,0,0
2012,9/10/2012,10/4/2012,25,Nadine,1,90,978,0,0,0,0,0,0,0,0,0,1
2012,10/12/2012,10/17/2012,6,Rafael,1,90,969,2,1,1,0,0,1,1,0,0,0
2012,10/22/2012,10/29/2012,8,Sandy,3,115,940,75000,286,1,0,0,1,1,0,0,0
2011,8/21/2011,8/28/2011,8,Irene,3,120,942,16500,56,1,0,0,1,1,0,0,0
2011,8/29/2011,9/10/2011,13,Katia,4,140,942,157,4,1,0,0,1,1,0,0,0
2011,9/6/2011,9/16/2011,11,Maria,1,80,983,0,0,1,0,0,0,1,0,0,0
2011,9/7/2011,9/11/2011,5,Nate,1,75,994,0,5,0,0,0,0,0,1,0,0
2011,9/20/2011,10/3/2011,14,Ophelia,4,140,940,0,0,1,0,0,0,1,0,0,0
2011,9/24/2011,10/8/2011,15,Philippe,1,90,976,0,0,0,0,0,0,0,0,0,0
2011,10/23/2011,10/28/2011,6,Rina,3,115,966,0,0,1,1,0,0,0,1,1,0
2010,6/25/2010,7/2/2010,8,Alex,2,110,946,1890,52,1,0,1,0,0,1,1,0
2010,8/21/2010,8/30/2010,10,Danielle,4,130,942,0,2,1,0,0,1,0,0,0,0
2010,8/25/2010,9/4/2010,11,Earl,4,145,927,45,8,1,0,0,1,1,0,0,0
2010,9/8/2010,9/21/2010,14,Igor,4,155,924,200,4,1,0,0,1,1,0,0,0
2010,9/12/2010,9/20/2010,9,Julia,4,140,948,0,0,1,0,0,0,0,0,0,0
2010,9/14/2010,9/18/2010,5,Karl,3,125,956,3900,22,0,0,0,0,0,1,1,0
2010,9/20/2010,9/26/2010,7,Lisa,1,85,982,0,0,0,0,0,0,0,0,0,0
2010,10/6/2010,10/10/2010,5,Otto,1,85,976,22,0,1,0,0,0,0,0,0,0
2010,10/11/2010,10/15/2010,5,Paula,2,105,981,200,1,1,1,0,0,0,1,1,0
2010,10/20/2010,10/26/2010,7,Richard,2,100,977,80,2,1,0,0,0,0,1,1,0
2010,10/28/2010,10/30/2010,3,Shary,1,75,989,0,0,1,0,0,0,0,0,0,0
2010,10/29/2010,11/7/2010,10,Tomas,2,100,982,741,51,1,0,0,0,0,0,0,0
2009,8/15/2009,8/24/2009,10,Bill,4,130,943,46.2,2,1,0,0,1,1,0,0,0
2009,9/7/2009,9/12/2009,6,Fred,3,120,958,0,0,0,0,0,0,0,0,0,1
2009,11/4/2009,11/10/2009,7,Ida,2,105,975,11.3,4,1,0,0,1,0,1,1,0
2008,7/3/2008,7/20/2008,18,Bertha,3,125,952,0,3,1,0,0,1,0,0,0,1
2008,7/20/2008,7/25/2008,6,Dolly,2,100,963,1350,22,0,0,1,0,0,1,0,0
2008,8/25/2008,9/4/2008,11,Gustav,4,155,941,6610,153,1,0,1,0,0,0,0,0
2008,8/28/2008,9/7/2008,11,Hanna,1,85,977,160,537,1,0,0,1,1,0,0,0
2008,9/1/2008,9/14/2008,14,Ike,4,145,935,37500,195,1,0,1,0,1,0,0,0
2008,9/25/2008,9/29/2008,5,Kyle,1,85,984,57.1,8,1,0,0,1,1,0,0,0
2008,10/13/2008,10/18/2008,6,Omar,4,130,958,79,1,1,0,0,0,0,0,0,0
2008,11/5/2008,11/10/2008,6,Paloma,4,145,944,454.5,1,1,1,0,0,0,0,1,0
2007,8/13/2007,8/23/2007,11,Dean,5,175,905,1660,45,1,0,0,0,0,1,1,0
2007,8/31/2007,9/5/2007,6,Felix,5,175,929,720,133,1,0,0,0,0,1,1,0
2007,9/12/2007,9/14/2007,3,Humberto,1,90,985,50,0,0,0,1,1,0,0,0,0
2007,9/25/2007,9/29/2007,5,Karen,1,75,988,0,0,0,0,0,0,0,0,0,0
2007,9/25/2007,9/28/2007,4,Lorenzo,1,80,990,92,6,0,0,0,0,0,1,0,0
2007,10/28/2007,11/2/2007,6,Noel,1,80,980,580,222,1,1,0,1,1,0,0,0
2006,8/24/2006,9/1/2006,9,Ernesto,1,75,985,500,11,1,1,0,1,1,0,0,0
2006,9/3/2006,9/13/2006,11,Florence,1,90,974,0.2,0,1,0,0,1,1,0,0,0
2006,9/11/2006,9/20/2006,10,Gordon,3,120,955,3.8,0,0,0,0,0,0,0,0,1
2006,9/12/2006,9/24/2006,13,Helene,3,120,955,0,0,0,0,0,0,0,0,0,0
2006,9/27/2006,10/2/2006,6,Isaac,1,85,985,0,0,0,0,0,0,1,0,0,0
2005,7/3/2005,7/7/2005,5,Cindy,1,75,991,320,5,0,0,0,1,0,1,0,0
2005,7/4/2005,7/13/2005,10,Dennis,4,150,930,3710,88,1,0,0,1,0,0,0,0
2005,7/11/2005,7/21/2005,11,Emily,5,160,929,1014,17,1,0,1,0,0,1,1,0
2005,8/4/2005,8/18/2005,15,Irene,2,105,970,0,1,0,0,0,1,0,0,0,0
2005,8/23/2005,8/30/2005,8,Katrina,5,175,902,108000,1836,1,1,0,1,0,0,0,0
2005,9/1/2005,9/10/2005,10,Maria,3,115,962,3.1,4,0,0,0,0,0,0,0,0
2005,9/5/2005,9/10/2005,6,Nate,1,90,979,0,2,1,0,0,0,0,0,0,1
2005,9/6/2005,9/17/2005,12,Ophelia,1,85,976,70,3,1,1,0,1,1,0,0,0
2005,9/17/2005,9/23/2005,7,Philippe,1,80,985,0,0,1,0,0,0,0,0,0,0
2005,9/18/2005,9/26/2005,9,Rita,5,180,895,12000,125,1,1,1,0,0,0,0,0
2005,10/1/2005,10/5/2005,5,Stan,1,80,977,3960,1668,0,0,0,0,0,1,1,0
2005,10/8/2005,10/11/2005,4,Vince,1,75,988,0,0,0,0,0,0,0,0,0,0
2005,10/15/2005,10/26/2005,12,Wilma,5,185,882,29400,87,1,1,0,0,1,0,1,0
2005,10/26/2005,10/31/2005,6,Beta,3,115,962,15.5,9,0,0,0,0,0,0,1,0
2005,11/29/2005,12/8/2005,10,Epsilon,1,85,981,0,0,0,0,0,0,0,0,0,0
2004,7/31/2004,8/6/2004,7,Alex,3,120,957,7.5,1,0,0,0,1,1,0,0,0
2004,8/9/2004,8/14/2004,6,Charley,4,150,941,16300,35,1,1,0,0,0,0,0,0
2004,8/13/2004,8/21/2004,9,Danielle,2,110,964,0,0,0,0,0,0,0,0,0,0
2004,8/24/2004,9/10/2004,18,Frances,4,145,935,9800,49,1,0,0,1,1,0,0,0
2004,8/27/2004,9/1/2004,6,Gaston,1,75,985,130,9,0,0,0,1,1,0,0,0
2004,9/2/2004,9/24/2004,23,Ivan,5,165,910,23300,126,1,0,1,1,1,0,0,0
2004,9/13/2004,9/28/2004,16,Jeanne,3,120,950,7660,3042,1,1,0,1,1,0,0,0
2004,9/16/2004,9/24/2004,9,Karl,4,145,938,0,0,0,0,0,0,0,0,0,0
2004,9/19/2004,10/3/2004,15,Lisa,1,75,987,0,0,0,0,0,0,0,0,0,0
2003,7/8/2003,7/17/2003,10,Claudette,1,90,979,181,3,0,0,1,0,0,1,0,0
2003,7/16/2003,7/21/2003,6,Danny,1,75,1000,0,0,0,0,0,0,0,0,0,0
2003,8/14/2003,8/17/2003,4,Erika,1,75,988,0.1,2,0,0,0,0,0,1,0,0
2003,8/25/2003,9/8/2003,15,Fabian,4,145,939,300,8,1,0,0,0,0,0,0,0
2003,9/6/2003,9/20/2003,15,Isabel,5,165,915,5370,50,1,0,0,1,1,0,0,0
2003,9/24/2003,9/29/2003,6,Juan,2,105,969,200,5,0,0,0,0,1,0,0,0
2003,9/25/2003,10/7/2003,13,Kate,3,125,952,0,0,0,0,0,0,0,0,0,0
2002,9/8/2002,9/12/2002,5,Gustav,2,100,960,0.34,4,0,0,0,1,0,0,0,0
2002,9/14/2002,9/27/2002,14,Isidore,3,125,934,1300,22,1,0,1,0,0,1,0,0
2002,9/20/2002,10/12/2002,23,Kyle,1,85,980,5,1,1,1,0,1,0,0,0,0
2002,9/21/2002,10/4/2002,14,Lili,4,145,938,925,15,1,0,1,0,0,0,0,0
2001,9/1/2001,9/15/2001,15,Erin,3,120,968,0,0,1,0,0,0,0,0,0,0
2001,9/7/2001,9/19/2001,13,Felix,3,115,962,0,0,0,0,0,0,0,0,0,0
2001,9/11/2001,9/19/2001,9,Gabrielle,1,80,975,230,3,0,1,0,0,1,0,0,0
2001,9/21/2001,9/27/2001,7,Humberto,2,105,970,0,0,1,0,0,0,0,0,0,0
2001,10/4/2001,10/9/2001,6,Iris,4,145,948,140,31,1,0,0,0,0,1,1,0
2001,10/12/2001,10/15/2001,4,Karen,1,80,982,1.4,0,0,0,0,0,1,0,0,0
2001,10/29/2001,11/5/2001,8,Michelle,4,140,933,2000,17,1,0,0,0,0,0,1,0
2001,11/4/2001,11/6/2001,3,Noel,1,75,986,0,0,0,0,0,0,0,0,0,0
2001,11/24/2001,12/4/2001,11,Olga,1,90,973,0,0,1,0,0,0,0,0,0,0
2000,8/3/2000,8/23/2000,21,Alberto,3,125,950,0,0,0,0,0,1,0,0,0,1
2000,8/19/2000,8/24/2000,6,Debby,1,85,991,0.735,1,1,1,0,0,0,0,0,0
2000,9/10/2000,9/17/2000,8,Florence,1,80,985,0,3,1,0,0,1,1,0,0,0
2000,9/14/2000,9/21/2000,8,Gordon,1,80,981,10.8,26,0,1,0,1,0,1,0,0
2000,9/21/2000,10/1/2000,11,Isaac,4,140,943,0,1,1,0,0,1,0,0,0,0
2000,9/28/2000,10/6/2000,9,Keith,4,140,939,319,40,0,0,0,0,0,1,1,0
1999,8/18/1999,8/25/1999,8,Bret,4,145,944,15,7,0,0,1,0,0,1,0,0
1999,8/19/1999,8/31/1999,13,Cindy,4,140,942,0,0,0,0,0,0,0,0,0,0
1999,8/24/1999,9/9/1999,17,Dennis,2,105,962,157,4,0,0,0,1,1,0,0,0
1999,9/7/1999,9/17/1999,11,Floyd,4,155,921,6900,77,1,0,0,1,1,0,0,0
1999,9/11/1999,9/23/1999,13,Gert,4,150,930,1.9,2,1,0,0,1,1,0,0,0
1999,10/12/1999,10/19/1999,8,Irene,2,110,958,800,18,1,0,0,1,0,0,0,0
1999,10/17/1999,10/25/1999,9,Jose,2,100,979,5,3,1,0,0,0,0,0,0,0
1999,11/13/1999,11/23/1999,11,Lenny,4,155,933,685.8,17,1,0,0,0,0,0,0,0
1998,8/19/1998,8/30/1998,12,Bonnie,3,115,954,1000,5,0,0,0,1,1,0,0,0
1998,8/24/1998,9/3/1998,11,Danielle,2,105,960,0.05,0,1,0,0,1,1,0,0,0
1998,8/31/1998,9/3/1998,4,Earl,2,100,985,79,3,0,1,0,0,0,1,0,0
1998,9/15/1998,10/1/1998,17,Georges,4,155,937,9720,604,1,0,1,0,0,0,0,0
1998,9/19/1998,9/27/1998,9,Ivan,1,90,975,0,0,0,0,0,0,0,0,0,0
1998,9/21/1998,10/1/1998,11,Jeanne,2,105,969,0,0,0,0,0,0,0,0,0,0
1998,9/23/1998,9/28/1998,6,Karl,2,105,970,0,0,0,0,0,0,0,0,0,0
1998,10/5/1998,10/9/1998,5,Lisa,1,75,995,0,0,0,0,0,0,0,0,0,0
1998,10/22/1998,11/5/1998,15,Mitch,5,180,905,6200,19325,1,1,0,0,0,0,0,0
1998,11/24/1998,12/1/1998,8,Nicole,1,85,979,0,0,0,0,0,0,0,0,0,0
1997,7/11/1997,7/13/1997,3,Bill,1,75,986,0,0,0,0,0,0,1,0,0,0
1997,7/16/1997,7/26/1997,11,Danny,1,80,984,100,9,0,0,1,1,0,0,0,0
1997,9/3/1997,9/20/1997,18,Erika,3,125,946,10,2,1,0,0,0,0,0,0,1
1996,7/5/1996,7/14/1996,10,Bertha,3,115,960,335,12,1,0,0,1,0,0,0,0
1996,7/24/1996,7/29/1996,6,Cesar,1,85,985,203,113,1,0,0,0,0,1,0,0
1996,8/19/1996,8/26/1996,8,Dolly,1,80,989,0,14,0,0,0,0,0,1,0,0
1996,8/19/1996,9/3/1996,16,Edouard,4,145,933,20,2,0,0,0,1,1,0,0,0
1996,8/23/1996,9/8/1996,17,Fran,3,120,946,3200,37,0,0,0,1,1,0,0,0
1996,9/3/1996,9/16/1996,14,Hortense,4,140,935,158,39,1,0,0,0,1,0,0,0
1996,9/24/1996,10/1/1996,8,Isidore,3,115,960,0,0,0,0,0,0,0,0,0,0
1996,10/14/1996,10/27/1996,14,Lili,3,115,960,662,22,1,0,0,0,0,0,1,0
1996,11/16/1996,11/26/1996,11,Marco,1,75,983,8.2,14,1,0,0,0,0,0,1,0
1995,6/2/1995,6/10/1995,9,Allison,1,75,987,1.7,1,1,1,0,1,0,0,0,0
1995,7/31/1995,8/6/1995,7,Erin,2,100,973,700,13,0,1,0,1,0,0,0,0
1995,8/8/1995,8/22/1995,15,Felix,4,140,929,3.63,9,1,0,0,1,1,0,0,0
1995,8/21/1995,9/1/1995,12,Humberto,2,110,968,0,0,0,0,0,0,0,0,0,0
1995,8/27/1995,9/11/1995,16,Luis,4,140,935,3000,19,1,0,0,1,1,0,0,0
1995,9/12/1995,9/22/1995,11,Marilyn,3,115,949,2500,13,1,0,0,0,0,0,0,0
1995,9/26/1995,10/7/1995,12,Noel,1,75,987,0,0,0,0,0,0,0,0,0,0
1995,9/27/1995,10/5/1995,9,Opal,4,150,916,5100,77,0,1,0,1,1,1,0,0
1995,10/7/1995,10/21/1995,15,Roxanne,3,115,956,1500,29,0,0,0,0,0,1,0,0
1994,8/16/1994,8/23/1994,8,Chris,1,80,979,0,0,1,0,0,0,0,0,0,0
1994,11/2/1994,11/8/1994,7,Florence,2,110,972,0,0,0,0,0,0,0,0,0,0
1994,11/8/1994,11/21/1994,14,Gordon,1,85,980,594,1147,1,1,0,1,0,0,1,0
1993,8/22/1993,9/6/1993,16,Emily,3,115,960,35,3,0,0,0,1,0,0,0,0
1993,9/14/1993,9/21/1993,8,Gert,2,100,970,170,116,0,0,0,0,0,1,1,0
1993,9/18/1993,9/21/1993,4,Harvey,1,75,990,0,0,0,0,0,0,0,0,0,0
1992,8/16/1992,8/28/1992,13,Andrew,5,175,922,26500,65,1,1,1,1,0,0,0,0
1992,10/23/1992,10/27/1992,5,Frances,1,85,976,0,0,0,0,0,0,1,0,0,0
1991,8/16/1991,8/20/1991,5,Bob,3,115,950,1500,17,0,0,0,1,1,0,0,0
1991,9/4/1991,9/14/1991,11,Claudette,4,130,944,0,0,1,0,0,0,0,0,0,0
1991,10/25/1991,10/29/1991,5,Grace,2,105,980,0,0,0,0,0,0,0,0,0,0
1991,10/31/1991,11/2/1991,3,Perfect Storm,1,75,972,200,13,0,0,0,1,1,0,0,0
1990,7/24/1990,8/2/1990,10,Bertha,1,80,973,3.91,9,0,1,0,0,1,0,0,0
1990,8/4/1990,8/9/1990,6,Diana,2,100,980,90.7,139,0,0,0,0,0,1,0,0
1990,8/24/1990,9/3/1990,11,Gustav,3,120,956,0,0,1,0,0,0,0,0,0,0
1990,9/4/1990,9/17/1990,14,Isidore,2,100,978,0,0,0,0,0,0,0,0,0,0
1990,9/12/1990,10/6/1990,25,Josephine,1,85,980,0,0,0,0,0,0,0,0,0,0
1990,10/3/1990,10/9/1990,7,Klaus,1,80,985,1,11,1,0,0,0,0,0,0,0
1990,10/6/1990,10/14/1990,9,Lili,1,75,987,0,0,1,0,0,1,1,0,0,0
1990,10/16/1990,10/21/1990,6,Nana,1,85,989,0,0,1,0,0,0,0,0,0,0
1989,6/24/1989,6/27/1989,4,Chantal,1,80,984,100,13,0,0,1,0,0,1,0,0
1989,7/31/1989,8/9/1989,10,Dean,2,105,968,8.9,0,1,0,0,1,1,0,0,0
1989,8/18/1989,8/27/1989,10,Erin,2,105,968,0,0,0,0,0,0,0,0,0,1
1989,8/25/1989,8/26/1989,2,Felix,1,85,979,0,0,0,0,0,0,0,0,0,0
1989,9/4/1989,9/13/1989,10,Gabrielle,4,145,937,0,9,1,0,0,1,1,0,0,0
1989,9/8/1989,9/19/1989,12,Hugo,5,160,918,10000,88,1,0,0,1,1,0,0,0
1989,10/12/1989,10/16/1989,5,Jerry,1,85,983,70,3,0,0,1,1,0,0,0,0
1988,9/7/1988,9/11/1988,5,Florence,1,80,983,2.9,1,0,0,1,0,0,0,0,0
1988,9/8/1988,9/19/1988,12,Gilbert,5,185,888,5000,318,0,0,0,0,0,1,1,0
1988,9/19/1988,9/30/1988,12,Helene,4,145,938,0,0,0,0,0,0,0,0,0,0
1988,10/11/1988,11/2/1988,23,Joan,4,145,932,2000,216,1,0,0,0,0,0,1,0
1987,8/10/1987,8/23/1987,14,Arlene,1,75,987,0.008,0,1,0,0,0,0,0,0,0
1987,9/20/1987,9/27/1987,8,Emily,3,125,958,80.3,3,1,0,0,0,0,0,0,0
1987,10/9/1987,10/13/1987,5,Floyd,1,75,993,0.5,1,1,1,0,0,0,0,1,0
1986,8/10/1986,8/23/1986,14,Arlene,1,75,987,0.008,0,1,0,0,0,0,0,0,0
1986,9/20/1986,9/27/1986,8,Emily,3,125,958,80.3,3,1,0,0,0,0,0,0,0
1986,10/9/1986,10/13/1986,5,Floyd,1,75,993,0.5,1,1,1,0,0,0,0,1,0
1985,7/21/1985,7/26/1985,6,Bob,1,75,1002,20,5,0,1,0,1,0,0,0,0
1985,8/9/1985,8/16/1985,8,Claudette,1,85,980,0,0,1,0,0,0,0,0,0,1
1985,8/12/1985,8/18/1985,7,Danny,1,90,987,100,5,0,0,1,0,0,0,0,0
1985,8/28/1985,9/4/1985,8,Elena,3,125,953,1300,9,1,0,1,0,0,0,0,0
1985,9/16/1985,9/27/1985,12,Gloria,4,145,919,900,14,0,0,0,1,0,0,0,0
1985,10/26/1985,11/1/1985,7,Juan,1,85,971,1500,12,0,0,1,1,0,0,0,0
1985,11/15/1985,11/23/1985,9,Kate,3,120,954,700,15,1,1,0,0,0,0,0,0
1984,9/8/1984,9/16/1984,9,Diana,4,135,949,3,65,0,0,0,0,0,0,0,0
1984,9/23/1984,10/2/1984,10,Hortense,1,75,993,0,0,0,0,0,0,0,0,0,0
1984,10/7/1984,10/21/1984,15,Josephine,2,105,965,0,0,0,0,0,0,0,0,0,0
1984,11/5/1984,11/13/1984,9,Klaus,1,90,971,0,0,0,0,0,0,0,0,0,0
1984,12/12/1984,12/24/1984,13,Lili,1,80,980,0,0,0,0,0,0,0,0,0,0
1983,8/15/1983,8/21/1983,7,Alicia,3,115,963,1700,21,0,0,1,0,0,0,0,0
1983,8/24/1983,8/29/1983,6,Barry,1,80,986,0,0,0,0,1,0,0,1,0,0
1983,9/10/1983,9/15/1983,6,Chantal,1,75,992,0,0,0,0,0,0,0,0,0,0
1982,6/2/1982,6/6/1982,5,Alberto,1,85,985,23,0,1,0,0,0,0,0,0,0
1982,9/13/1982,9/20/1982,8,Debby,4,135,950,0,2,0,0,0,0,0,0,0,0
1981,8/7/1981,8/21/1981,15,Dennis,1,80,995,15,0,1,1,0,0,0,0,0,0
1981,8/31/1981,9/11/1981,12,Emily,1,90,966,0,0,0,0,0,0,0,0,0,0
1981,9/3/1981,9/12/1981,10,Floyd,3,115,975,0,0,0,0,0,0,0,0,0,0
1981,9/7/1981,9/15/1981,9,Gert,2,105,988,0,0,1,0,0,0,0,0,0,0
1981,9/11/1981,9/19/1981,9,Harvey,4,130,946,0,0,0,0,0,0,0,0,0,0
1981,9/21/1981,10/2/1981,12,Irene,3,120,959,0,0,0,0,0,0,0,0,0,0
1981,11/3/1981,11/7/1981,5,Katrina,1,85,980,0,2,1,0,0,0,0,0,0,0
1980,8/1/1980,8/11/1980,11,Allen,5,190,899,1500,290,1,1,1,0,0,0,0,0
1980,8/14/1980,8/19/1980,6,Bonnie,2,100,975,0,0,0,0,0,0,0,0,0,0
1980,8/20/1980,8/25/1980,6,Charley,1,80,989,0,7,0,0,0,1,0,0,0,0
1980,9/1/1980,9/8/1980,8,Georges,1,80,993,0,0,0,0,0,0,1,0,0,0
1980,9/4/1980,9/10/1980,7,Earl,1,75,985,0,0,0,0,0,0,0,0,0,0
1980,9/6/1980,9/20/1980,15,Frances,3,115,958,0,0,0,0,0,0,0,0,0,1
1980,10/4/1980,10/11/1980,8,Ivan,2,105,970,0,0,0,0,0,0,0,0,0,0
1980,11/8/1980,11/16/1980,9,Jeanne,2,100,986,0,0,0,1,1,1,0,0,0,0
1980,11/25/1980,11/28/1980,4,Karl,1,85,985,0,0,0,0,0,0,0,0,0,0
1979,7/9/1979,7/16/1979,8,Bob,1,75,986,20,1,0,0,1,0,0,0,0,0
1979,8/25/1979,9/6/1979,13,David,5,175,924,1540,2068,1,1,0,1,0,0,0,0
1979,8/29/1979,9/14/1979,17,Frederic,4,135,943,2300,12,1,0,1,0,0,0,0,0
1979,9/4/1979,9/15/1979,12,Gloria,2,100,975,0,0,0,0,0,0,0,0,0,0
1979,9/15/1979,9/24/1979,10,Henri,1,85,983,0,0,0,1,0,0,0,1,0,0
1978,8/7/1978,8/12/1978,6,Cora,1,90,980,0,1,1,0,0,1,0,0,0,0
1978,8/30/1978,9/5/1978,7,Ella,4,140,956,0,0,0,0,0,1,1,0,0,0
1978,9/4/1978,9/15/1978,12,Flossie,2,100,976,0,0,0,0,0,0,0,0,0,0
1978,9/13/1978,9/20/1978,8,Greta,4,135,947,25,5,1,0,0,0,0,1,1,0
1978,10/28/1978,11/1/1978,5,Kendra,1,80,990,6,1,1,0,0,1,0,0,0,0
1977,8/29/1977,9/3/1977,6,Anita,5,175,926,10,0,0,0,0,0,0,1,0,0
1977,9/5/1977,9/12/1977,8,Clara,1,75,993,0,0,0,0,0,1,0,0,0,0
1977,9/26/1977,9/30/1977,5,Dorothy,1,85,980,0,0,0,0,0,0,0,0,0,0
1977,10/13/1977,10/16/1977,4,Evelyn,1,80,994,0,0,0,0,0,0,0,0,0,0
1976,8/6/1976,8/10/1976,5,Belle,3,120,957,101,12,0,0,0,1,1,0,0,0
1976,8/18/1976,8/24/1976,7,Candice,1,90,964,0,0,0,0,0,0,0,0,0,0
1976,8/20/1976,9/4/1976,16,Emmy,2,105,974,0,68,1,0,0,0,0,0,0,1
1976,8/27/1976,9/4/1976,9,Frances,3,115,963,0,0,0,0,0,0,0,0,0,1
1976,9/26/1976,10/4/1976,9,Gloria,2,105,970,0,0,0,0,0,0,0,0,0,0
1976,10/22/1976,10/28/1976,7,Holly,1,75,990,0,0,0,0,0,0,0,0,0,0
1975,7/23/1975,7/28/1975,6,Blanche,1,85,980,6.2,0,0,0,0,1,1,0,0,0
1975,8/28/1975,9/4/1975,8,Doris,2,110,965,0,0,0,0,0,0,0,0,0,0
1975,9/13/1975,9/24/1975,12,Eloise,3,125,955,560,80,1,1,1,0,0,0,0,0
1975,9/18/1975,9/29/1975,12,Faye,2,105,977,0,0,1,0,0,0,0,0,0,0
1975,9/22/1975,10/3/1975,12,Gladys,4,140,939,0,0,0,0,0,0,0,0,0,0
1974,8/26/1974,9/2/1974,8,Becky,3,115,977,0,0,0,0,0,0,0,0,0,0
1974,8/29/1974,9/10/1974,13,Carmen,4,150,928,162,8,1,0,1,0,0,1,0,0
1974,9/14/1974,9/22/1974,9,Fifi,2,110,971,1800,8210,1,0,0,0,0,1,1,0
1973,7/1/1973,7/7/1973,7,Alice,1,90,986,0,0,1,0,0,0,0,0,0,0
1973,9/14/1973,9/22/1973,9,Ellen,3,115,962,0,0,0,0,0,0,0,0,0,0
1973,10/8/1973,10/12/1973,5,Fran,1,80,978,0,0,0,0,0,0,0,0,0,0
1970,7/31/1970,8/5/1970,6,Celia,3,125,945,930,28,1,0,1,0,0,0,0,0
1970,10/20/1970,10/28/1970,9,Nineteen,1,75,988,0,0,0,0,0,0,0,0,0,0