drawdate,drawday,jackpotmillions
6/12/2002,WED,10
6/15/2002,SAT,12
6/19/2002,WED,14
6/22/2002,SAT,10
6/26/2002,WED,12
6/29/2002,SAT,14
7/3/2002,WED,16
7/6/2002,SAT,22
7/10/2002,WED,27
7/13/2002,SAT,31
7/17/2002,WED,35
7/20/2002,SAT,41
7/24/2002,WED,10
7/27/2002,SAT,12
7/31/2002,WED,14
8/3/2002,SAT,17
8/7/2002,WED,22
8/10/2002,SAT,28
8/14/2002,WED,33
8/17/2002,SAT,38
8/21/2002,WED,43
8/24/2002,SAT,49
8/28/2002,WED,55
8/31/2002,SAT,63
9/4/2002,WED,70
9/7/2002,SAT,80
9/11/2002,WED,88
9/14/2002,SAT,100
9/18/2002,WED,10
9/21/2002,SAT,12
9/25/2002,WED,14
9/28/2002,SAT,18
10/2/2002,WED,22
10/5/2002,SAT,27
10/9/2002,WED,36
10/12/2002,SAT,44
10/16/2002,WED,51
10/19/2002,SAT,60
10/23/2002,WED,72
10/26/2002,SAT,84
10/30/2002,WED,10
11/2/2002,SAT,12
11/6/2002,WED,17
11/9/2002,SAT,23
11/13/2002,WED,29
11/16/2002,SAT,37
11/20/2002,WED,44
11/23/2002,SAT,52
11/27/2002,WED,60
11/30/2002,SAT,69
12/4/2002,WED,80
12/7/2002,SAT,90
12/11/2002,WED,106
12/14/2002,SAT,129
12/18/2002,WED,163
12/21/2002,SAT,216
12/25/2002,WED,315
12/28/2002,SAT,10
1/1/2003,WED,12
1/4/2003,SAT,23
1/8/2003,WED,29
1/11/2003,SAT,38
1/15/2003,WED,47
1/18/2003,SAT,57
1/22/2003,WED,67
1/25/2003,SAT,77
1/29/2003,WED,86
2/1/2003,SAT,100
2/5/2003,WED,10
2/8/2003,SAT,12
2/12/2003,WED,20
2/15/2003,SAT,27
2/19/2003,WED,34
2/22/2003,SAT,42
2/26/2003,WED,10
3/1/2003,SAT,12
3/5/2003,WED,17
3/8/2003,SAT,24
3/12/2003,WED,30
3/15/2003,SAT,38
3/19/2003,WED,45
3/22/2003,SAT,53
3/26/2003,WED,62
3/29/2003,SAT,10
4/2/2003,WED,12
4/5/2003,SAT,18
4/9/2003,WED,24
4/12/2003,SAT,30
4/16/2003,WED,37
4/19/2003,SAT,44
4/23/2003,WED,51
4/26/2003,SAT,59
4/30/2003,WED,67
5/3/2003,SAT,77
5/7/2003,WED,87
5/10/2003,SAT,10
5/14/2003,WED,12
5/17/2003,SAT,18
5/21/2003,WED,23
5/24/2003,SAT,29
5/28/2003,WED,35
5/31/2003,SAT,42
6/4/2003,WED,48
6/7/2003,SAT,57
6/11/2003,WED,65
6/14/2003,SAT,75
6/18/2003,WED,82
6/21/2003,SAT,95
6/25/2003,WED,110
6/28/2003,SAT,135
7/2/2003,WED,165
7/5/2003,SAT,200
7/9/2003,WED,261
7/12/2003,SAT,10
7/16/2003,WED,14
7/19/2003,SAT,10
7/23/2003,WED,12
7/26/2003,SAT,18
7/30/2003,WED,25
8/2/2003,SAT,33
8/6/2003,WED,42
8/9/2003,SAT,53
8/13/2003,WED,61
8/16/2003,SAT,72
8/20/2003,WED,85
8/23/2003,SAT,100
8/27/2003,WED,115
8/30/2003,SAT,140
9/3/2003,WED,10
9/6/2003,SAT,12
9/10/2003,WED,20
9/13/2003,SAT,28
9/17/2003,WED,35
9/20/2003,SAT,43
9/24/2003,WED,50
9/27/2003,SAT,60
10/1/2003,WED,69
10/4/2003,SAT,79
10/8/2003,WED,88
10/11/2003,SAT,102
10/15/2003,WED,117
10/18/2003,SAT,140
10/22/2003,WED,162
10/25/2003,SAT,190
10/29/2003,WED,10
11/1/2003,SAT,10
11/5/2003,WED,12
11/8/2003,SAT,10
11/12/2003,WED,12
11/15/2003,SAT,19
11/19/2003,WED,25
11/22/2003,SAT,33
11/26/2003,WED,40
11/29/2003,SAT,48
12/3/2003,WED,57
12/6/2003,SAT,66
12/10/2003,WED,76
12/13/2003,SAT,88
12/17/2003,WED,100
12/20/2003,SAT,116
12/24/2003,WED,137
12/27/2003,SAT,170
12/31/2003,WED,221
1/3/2004,SAT,10
1/7/2004,WED,13
1/10/2004,SAT,21
1/14/2004,WED,29
1/17/2004,SAT,37
1/21/2004,WED,46
1/24/2004,SAT,55
1/28/2004,WED,64
1/31/2004,SAT,74
2/4/2004,WED,85
2/7/2004,SAT,10
2/11/2004,WED,13
2/14/2004,SAT,20
2/18/2004,WED,26
2/21/2004,SAT,35
2/25/2004,WED,43
2/28/2004,SAT,52
3/3/2004,WED,61
3/6/2004,SAT,70
3/10/2004,WED,79
3/13/2004,SAT,90
3/17/2004,WED,10
3/20/2004,SAT,12
3/24/2004,WED,18
3/27/2004,SAT,25
3/31/2004,WED,31
4/3/2004,SAT,39
4/7/2004,WED,47
4/10/2004,SAT,57
4/14/2004,WED,65
4/17/2004,SAT,75
4/21/2004,WED,90
4/24/2004,SAT,103
4/28/2004,WED,120
5/1/2004,SAT,145
5/5/2004,WED,170
5/8/2004,SAT,212
5/12/2004,WED,10
5/15/2004,SAT,15
5/19/2004,WED,24
5/22/2004,SAT,33
5/26/2004,WED,41
5/29/2004,SAT,51
6/2/2004,WED,10
6/5/2004,SAT,14
6/9/2004,WED,21
6/12/2004,SAT,30
6/16/2004,WED,38
6/19/2004,SAT,47
6/23/2004,WED,55
6/26/2004,SAT,67
6/30/2004,WED,10
7/3/2004,SAT,13
7/7/2004,WED,21
7/10/2004,SAT,10
7/14/2004,WED,13
7/17/2004,SAT,21
7/21/2004,WED,27
7/24/2004,SAT,36
7/28/2004,WED,44
7/31/2004,SAT,54
8/4/2004,WED,63
8/7/2004,SAT,76
8/11/2004,WED,84
8/14/2004,SAT,97
8/18/2004,WED,10
8/21/2004,SAT,14
8/25/2004,WED,21
8/28/2004,SAT,28
9/1/2004,WED,36
9/4/2004,SAT,45
9/8/2004,WED,54
9/11/2004,SAT,64
9/15/2004,WED,72
9/18/2004,SAT,84
9/22/2004,WED,95
9/25/2004,SAT,110
9/29/2004,WED,128
10/2/2004,SAT,151
10/6/2004,WED,177
10/9/2004,SAT,215
10/13/2004,WED,10
10/16/2004,SAT,15
10/20/2004,WED,10
10/23/2004,SAT,13
10/27/2004,WED,20
10/30/2004,SAT,28
11/3/2004,WED,35
11/6/2004,SAT,44
11/10/2004,WED,52
11/13/2004,SAT,63
11/17/2004,WED,72
11/20/2004,SAT,83
11/24/2004,WED,95
11/27/2004,SAT,110
12/1/2004,WED,127
12/4/2004,SAT,145
12/8/2004,WED,171
12/11/2004,SAT,10
12/15/2004,WED,14
12/18/2004,SAT,23
12/22/2004,WED,30
12/25/2004,SAT,10
12/29/2004,WED,13
1/1/2005,SAT,21
1/5/2005,WED,28
1/8/2005,SAT,37
1/12/2005,WED,10
1/15/2005,SAT,14
1/19/2005,WED,19
1/22/2005,SAT,26
1/26/2005,WED,10
1/29/2005,SAT,12
2/2/2005,WED,18
2/5/2005,SAT,25
2/9/2005,WED,32
2/12/2005,SAT,41
2/16/2005,WED,10
2/19/2005,SAT,12
2/23/2005,WED,18
2/26/2005,SAT,10
3/2/2005,WED,12
3/5/2005,SAT,19
3/9/2005,WED,10
3/12/2005,SAT,12
3/16/2005,WED,18
3/19/2005,SAT,10
3/23/2005,WED,12
3/26/2005,SAT,19
3/30/2005,WED,25
4/2/2005,SAT,10
4/6/2005,WED,12
4/9/2005,SAT,19
4/13/2005,WED,25
4/16/2005,SAT,32
4/20/2005,WED,39
4/23/2005,SAT,47
4/27/2005,WED,54
4/30/2005,SAT,63
5/4/2005,WED,72
5/7/2005,SAT,83
5/11/2005,WED,96
5/14/2005,SAT,111
5/18/2005,WED,129
5/21/2005,SAT,155
5/25/2005,WED,180
5/28/2005,SAT,215
6/1/2005,WED,10
6/4/2005,SAT,13
6/8/2005,WED,20
6/11/2005,SAT,28
6/15/2005,WED,34
6/18/2005,SAT,43
6/22/2005,WED,52
6/25/2005,SAT,62
6/29/2005,WED,10
7/2/2005,SAT,10
7/6/2005,WED,13
7/9/2005,SAT,18
7/13/2005,WED,23
7/16/2005,SAT,31
7/20/2005,WED,38
7/23/2005,SAT,46
7/27/2005,WED,53
7/30/2005,SAT,62
8/3/2005,WED,70
8/6/2005,SAT,82
8/10/2005,WED,92
8/13/2005,SAT,10
8/17/2005,WED,13
8/20/2005,SAT,19
8/24/2005,WED,25
8/27/2005,SAT,32
8/31/2005,WED,44
9/3/2005,SAT,53
9/7/2005,WED,60
9/10/2005,SAT,70
9/14/2005,WED,80
9/17/2005,SAT,92
9/21/2005,WED,108
9/24/2005,SAT,126
9/28/2005,WED,148
10/1/2005,SAT,167
10/5/2005,WED,180
10/8/2005,SAT,205
10/12/2005,WED,240
10/15/2005,SAT,300
10/19/2005,WED,340
10/22/2005,SAT,15
10/26/2005,WED,20
10/29/2005,SAT,27
11/2/2005,WED,36
11/5/2005,SAT,15
11/9/2005,WED,20
11/12/2005,SAT,25
11/16/2005,WED,31
11/19/2005,SAT,40
11/23/2005,WED,47
11/26/2005,SAT,57
11/30/2005,WED,66
12/3/2005,SAT,75
12/7/2005,WED,87
12/10/2005,SAT,100
12/14/2005,WED,112
12/17/2005,SAT,15
12/21/2005,WED,20
12/24/2005,SAT,25
12/28/2005,WED,30
12/31/2005,SAT,41
1/4/2006,WED,47
1/7/2006,SAT,57
1/11/2006,WED,65
1/14/2006,SAT,76
1/18/2006,WED,87
1/21/2006,SAT,101
1/25/2006,WED,115
1/28/2006,SAT,135
2/1/2006,WED,156
2/4/2006,SAT,180
2/8/2006,WED,210
2/11/2006,SAT,250
2/15/2006,WED,300
2/18/2006,SAT,365
2/22/2006,WED,15
2/25/2006,SAT,20
3/1/2006,WED,27
3/4/2006,SAT,38
3/8/2006,WED,50
3/11/2006,SAT,62
3/15/2006,WED,75
3/18/2006,SAT,88
3/22/2006,WED,101
3/25/2006,SAT,117
3/29/2006,WED,135
4/1/2006,SAT,152
4/5/2006,WED,174
4/8/2006,SAT,195
4/12/2006,WED,220
4/15/2006,SAT,15
4/19/2006,WED,20
4/22/2006,SAT,28
4/26/2006,WED,37
4/29/2006,SAT,49
5/3/2006,WED,61
5/6/2006,SAT,73
5/10/2006,WED,85
5/13/2006,SAT,100
5/17/2006,WED,114
5/20/2006,SAT,15
5/24/2006,WED,20
5/27/2006,SAT,28
5/31/2006,WED,38
6/3/2006,SAT,48
6/7/2006,WED,60
6/10/2006,SAT,73
6/14/2006,WED,86
6/17/2006,SAT,100
6/21/2006,WED,15
6/24/2006,SAT,20
6/28/2006,WED,28
7/1/2006,SAT,40
7/5/2006,WED,50
7/8/2006,SAT,62
7/12/2006,WED,73
7/15/2006,SAT,86
7/19/2006,WED,100
7/22/2006,SAT,116
7/26/2006,WED,135
7/29/2006,SAT,155
8/2/2006,WED,178
8/5/2006,SAT,204
8/9/2006,WED,15
8/12/2006,SAT,20
8/16/2006,WED,29
8/19/2006,SAT,40
8/23/2006,WED,51
8/26/2006,SAT,64
8/30/2006,WED,75
9/2/2006,SAT,89
9/6/2006,WED,102
9/9/2006,SAT,119
9/13/2006,WED,137
9/16/2006,SAT,157
9/20/2006,WED,179
9/23/2006,SAT,203
9/27/2006,WED,15
9/30/2006,SAT,15
10/4/2006,WED,15
10/7/2006,SAT,20
10/11/2006,WED,27
10/14/2006,SAT,37
10/18/2006,WED,47
10/21/2006,SAT,59
10/25/2006,WED,70
10/28/2006,SAT,83
11/1/2006,WED,93
11/4/2006,SAT,15
11/8/2006,WED,20
11/11/2006,SAT,27
11/15/2006,WED,35
11/18/2006,SAT,45
11/22/2006,WED,54
11/25/2006,SAT,64
11/29/2006,WED,74
12/2/2006,SAT,15
12/6/2006,WED,20
12/9/2006,SAT,25
12/13/2006,WED,33
12/16/2006,SAT,43
12/20/2006,WED,53
12/23/2006,SAT,65
12/27/2006,WED,75
12/30/2006,SAT,88
1/3/2007,WED,100
1/6/2007,SAT,115
1/10/2007,WED,131
1/13/2007,SAT,155
1/17/2007,WED,180
1/20/2007,SAT,205
1/24/2007,WED,240
1/27/2007,SAT,15
1/31/2007,WED,15
2/3/2007,SAT,20
2/7/2007,WED,27
2/10/2007,SAT,37
2/14/2007,WED,46
2/17/2007,SAT,58
2/21/2007,WED,67
2/24/2007,SAT,78
2/28/2007,WED,90
3/3/2007,SAT,105
3/7/2007,WED,120
3/10/2007,SAT,142
3/14/2007,WED,165
3/17/2007,SAT,183
3/21/2007,WED,15
3/24/2007,SAT,20
3/28/2007,WED,30
3/31/2007,SAT,41
4/4/2007,WED,15
4/7/2007,SAT,15
4/11/2007,WED,20
4/14/2007,SAT,27
4/18/2007,WED,36
4/21/2007,SAT,47
4/25/2007,WED,57
4/28/2007,SAT,68
5/2/2007,WED,15
5/5/2007,SAT,20
5/9/2007,WED,25
5/12/2007,SAT,34
5/16/2007,WED,43
5/19/2007,SAT,53
5/23/2007,WED,63
5/26/2007,SAT,15
5/30/2007,WED,20
6/2/2007,SAT,25
6/6/2007,WED,32
6/9/2007,SAT,43
6/13/2007,WED,54
6/16/2007,SAT,66
6/20/2007,WED,76
6/23/2007,SAT,89
6/27/2007,WED,103
6/30/2007,SAT,15
7/4/2007,WED,20
7/7/2007,SAT,27
7/11/2007,WED,36
7/14/2007,SAT,50
7/18/2007,WED,60
7/21/2007,SAT,72
7/25/2007,WED,82
7/28/2007,SAT,94
8/1/2007,WED,105
8/4/2007,SAT,123
8/8/2007,WED,141
8/11/2007,SAT,161
8/15/2007,WED,181
8/18/2007,SAT,210
8/22/2007,WED,245
8/25/2007,SAT,300
8/29/2007,WED,15
9/1/2007,SAT,20
9/5/2007,WED,29
9/8/2007,SAT,15
9/12/2007,WED,20
9/15/2007,SAT,29
9/19/2007,WED,38
9/22/2007,SAT,48
9/26/2007,WED,61
9/29/2007,SAT,15
10/3/2007,WED,15
10/6/2007,SAT,15
10/10/2007,WED,20
10/13/2007,SAT,15
10/17/2007,WED,20
10/20/2007,SAT,26
10/24/2007,WED,34
10/27/2007,SAT,43
10/31/2007,WED,51
11/3/2007,SAT,62
11/7/2007,WED,71
11/10/2007,SAT,82
11/14/2007,WED,95
11/17/2007,SAT,109
11/21/2007,WED,120
11/24/2007,SAT,137
11/28/2007,WED,155
12/1/2007,SAT,15
12/5/2007,WED,20
12/8/2007,SAT,26
12/12/2007,WED,33
12/15/2007,SAT,15
12/19/2007,WED,20
12/22/2007,SAT,25
12/26/2007,WED,32
12/29/2007,SAT,42
1/2/2008,WED,52
1/5/2008,SAT,63
1/9/2008,WED,71
1/12/2008,SAT,83
1/16/2008,WED,95
1/19/2008,SAT,15
1/23/2008,WED,20
1/26/2008,SAT,25
1/30/2008,WED,33
2/2/2008,SAT,43
2/6/2008,WED,52
2/9/2008,SAT,63
2/13/2008,WED,74
2/16/2008,SAT,86
2/20/2008,WED,100
2/23/2008,SAT,115
2/27/2008,WED,133
3/1/2008,SAT,153
3/5/2008,WED,173
3/8/2008,SAT,200
3/12/2008,WED,230
3/15/2008,SAT,275
3/19/2008,WED,15
3/22/2008,SAT,20
3/26/2008,WED,26
3/29/2008,SAT,36
4/2/2008,WED,46
4/5/2008,SAT,57
4/9/2008,WED,68
4/12/2008,SAT,80
4/16/2008,WED,91
4/19/2008,SAT,105
4/23/2008,WED,125
4/26/2008,SAT,144
4/30/2008,WED,162
5/3/2008,SAT,179
5/7/2008,WED,15
5/10/2008,SAT,20
5/14/2008,WED,26
5/17/2008,SAT,35
5/21/2008,WED,15
5/24/2008,SAT,20
5/28/2008,WED,25
5/31/2008,SAT,33
6/4/2008,WED,15
6/7/2008,SAT,20
6/11/2008,WED,25
6/14/2008,SAT,33
6/18/2008,WED,42
6/21/2008,SAT,53
6/25/2008,WED,64
6/28/2008,SAT,75
7/2/2008,WED,85
7/5/2008,SAT,15
7/9/2008,WED,20
7/12/2008,SAT,25
7/16/2008,WED,33
7/19/2008,SAT,43
7/23/2008,WED,54
7/26/2008,SAT,64
7/30/2008,WED,75
8/2/2008,SAT,87
8/6/2008,WED,15
8/9/2008,SAT,20
8/13/2008,WED,25
8/16/2008,SAT,35
8/20/2008,WED,43
8/23/2008,SAT,52
8/27/2008,WED,62
8/30/2008,SAT,72
9/3/2008,WED,81
9/6/2008,SAT,92
9/10/2008,WED,102
9/13/2008,SAT,118
9/17/2008,WED,136
9/20/2008,SAT,154
9/24/2008,WED,176
9/27/2008,SAT,200
10/1/2008,WED,15
10/4/2008,SAT,20
10/8/2008,WED,15
10/11/2008,SAT,20
10/15/2008,WED,25
10/18/2008,SAT,32
10/22/2008,WED,42
10/25/2008,SAT,52
10/29/2008,WED,59
11/1/2008,SAT,15
11/5/2008,WED,20
11/8/2008,SAT,25
11/12/2008,WED,32
11/15/2008,SAT,42
11/19/2008,WED,50
11/22/2008,SAT,61
11/26/2008,WED,15
11/29/2008,SAT,20
12/3/2008,WED,25
12/6/2008,SAT,30
12/10/2008,WED,35
12/13/2008,SAT,40
12/17/2008,WED,50
12/20/2008,SAT,57
12/24/2008,WED,62
12/27/2008,SAT,70
12/31/2008,WED,80
1/3/2009,SAT,90
1/7/2009,WED,105
1/10/2009,SAT,120
1/14/2009,WED,146
1/17/2009,SAT,165
1/21/2009,WED,20
1/24/2009,SAT,25
1/28/2009,WED,30
1/31/2009,SAT,42
2/4/2009,WED,52
2/7/2009,SAT,65
2/11/2009,WED,78
2/14/2009,SAT,92
2/18/2009,WED,105
2/21/2009,SAT,125
2/25/2009,WED,150
2/28/2009,SAT,173
3/4/2009,WED,20
3/7/2009,SAT,25
3/11/2009,WED,32
3/14/2009,SAT,44
3/18/2009,WED,55
3/21/2009,SAT,70
3/25/2009,WED,81
3/28/2009,SAT,94
4/1/2009,WED,109
4/4/2009,SAT,126
4/8/2009,WED,143
4/11/2009,SAT,20
4/15/2009,WED,25
4/18/2009,SAT,31
4/22/2009,WED,42
4/25/2009,SAT,53
4/29/2009,WED,65
5/2/2009,SAT,77
5/6/2009,WED,92
5/9/2009,SAT,109
5/13/2009,WED,129
5/16/2009,SAT,150
5/20/2009,WED,170
5/23/2009,SAT,192
5/27/2009,WED,222
5/30/2009,SAT,20
6/3/2009,WED,25
6/6/2009,SAT,34
6/10/2009,WED,45
6/13/2009,SAT,59
6/17/2009,WED,72
6/20/2009,SAT,86
6/24/2009,WED,20
6/27/2009,SAT,25
7/1/2009,WED,20
7/4/2009,SAT,25
7/8/2009,WED,30
7/11/2009,SAT,38
7/15/2009,WED,49
7/18/2009,SAT,61
7/22/2009,WED,74
7/25/2009,SAT,88
7/29/2009,WED,102
8/1/2009,SAT,120
8/5/2009,WED,138
8/8/2009,SAT,161
8/12/2009,WED,186
8/15/2009,SAT,213
8/19/2009,WED,259
8/22/2009,SAT,20
8/26/2009,WED,25
8/29/2009,SAT,33
9/2/2009,WED,45
9/5/2009,SAT,57
9/9/2009,WED,67
9/12/2009,SAT,81
9/16/2009,WED,95
9/19/2009,SAT,111
9/23/2009,WED,129
9/26/2009,SAT,150
9/30/2009,WED,170
10/3/2009,SAT,193
10/7/2009,WED,20
10/10/2009,SAT,25
10/14/2009,WED,30
10/17/2009,SAT,20
10/21/2009,WED,25
10/24/2009,SAT,31
10/28/2009,WED,41
10/31/2009,SAT,53
11/4/2009,WED,66
11/7/2009,SAT,80
11/11/2009,WED,96
11/14/2009,SAT,20
11/18/2009,WED,25
11/21/2009,SAT,32
11/25/2009,WED,20
11/28/2009,SAT,25
12/2/2009,WED,30
12/5/2009,SAT,41
12/9/2009,WED,52
12/12/2009,SAT,65
12/16/2009,WED,77
12/19/2009,SAT,92
12/23/2009,WED,106
12/26/2009,SAT,122
12/30/2009,WED,20
1/2/2010,SAT,25
1/6/2010,WED,20
1/9/2010,SAT,25
1/13/2010,WED,30
1/16/2010,SAT,40
1/20/2010,WED,51
1/23/2010,SAT,65
1/27/2010,WED,76
1/30/2010,SAT,90
2/3/2010,WED,107
2/6/2010,SAT,140
2/10/2010,WED,20
2/13/2010,SAT,25
2/17/2010,WED,40
2/20/2010,SAT,57
2/24/2010,WED,76
2/27/2010,SAT,95
3/3/2010,WED,114
3/6/2010,SAT,139
3/10/2010,WED,170
3/13/2010,SAT,200
3/17/2010,WED,20
3/20/2010,SAT,28
3/24/2010,WED,43
3/27/2010,SAT,60
3/31/2010,WED,81
4/3/2010,SAT,103
4/7/2010,WED,125
4/10/2010,SAT,150
4/14/2010,WED,175
4/17/2010,SAT,212
4/21/2010,WED,252
4/24/2010,SAT,20
4/28/2010,WED,30
5/1/2010,SAT,45
5/5/2010,WED,60
5/8/2010,SAT,80
5/12/2010,WED,97
5/15/2010,SAT,120
5/19/2010,WED,145
5/22/2010,SAT,170
5/26/2010,WED,190
5/29/2010,SAT,220
6/2/2010,WED,260
6/5/2010,SAT,20
6/9/2010,WED,28
6/12/2010,SAT,44
6/16/2010,WED,60
6/19/2010,SAT,78
6/23/2010,WED,97
6/26/2010,SAT,20
6/30/2010,WED,27
7/3/2010,SAT,41
7/7/2010,WED,54
7/10/2010,SAT,72
7/14/2010,WED,20
7/17/2010,SAT,27
7/21/2010,WED,37
7/24/2010,SAT,52
7/28/2010,WED,67
7/31/2010,SAT,85
8/4/2010,WED,20
8/7/2010,SAT,25
8/14/2010,SAT,51
8/18/2010,WED,64
8/21/2010,SAT,80
8/25/2010,WED,20
8/28/2010,SAT,25
9/1/2010,WED,34
9/4/2010,SAT,47
9/8/2010,WED,62
9/11/2010,SAT,79
9/15/2010,WED,94
9/18/2010,SAT,112
9/22/2010,WED,20
9/25/2010,SAT,25
9/29/2010,WED,35
10/2/2010,SAT,48
10/6/2010,WED,60
10/9/2010,SAT,20
10/13/2010,WED,25
10/16/2010,SAT,34
10/20/2010,WED,46
10/23/2010,SAT,59
10/27/2010,WED,72
10/30/2010,SAT,87
11/3/2010,WED,104
11/6/2010,SAT,123
11/10/2010,WED,20
11/13/2010,SAT,25
11/17/2010,WED,35
11/20/2010,SAT,50
11/24/2010,WED,64
11/27/2010,SAT,79
12/1/2010,WED,95
12/4/2010,SAT,20
12/8/2010,WED,25
12/11/2010,SAT,37
12/15/2010,WED,20
12/18/2010,SAT,25
12/22/2010,WED,35
12/25/2010,SAT,46
12/29/2010,WED,20
1/1/2011,SAT,25
1/5/2011,WED,34
1/8/2011,SAT,51
1/12/2011,WED,67
1/15/2011,SAT,82
1/19/2011,WED,96
1/22/2011,SAT,118
1/26/2011,WED,20
1/29/2011,SAT,25
2/2/2011,WED,35
2/5/2011,SAT,50
2/9/2011,WED,63
2/12/2011,SAT,82
2/16/2011,WED,101
2/19/2011,SAT,126
2/23/2011,WED,155
2/26/2011,SAT,184
3/2/2011,WED,20
3/5/2011,SAT,25
3/9/2011,WED,40
3/12/2011,SAT,54
3/16/2011,WED,67
3/19/2011,SAT,85
3/23/2011,WED,101
3/26/2011,SAT,125
3/30/2011,WED,153
4/2/2011,SAT,187
4/6/2011,WED,218
4/9/2011,SAT,20
4/13/2011,WED,27
4/16/2011,SAT,43
4/20/2011,WED,56
4/23/2011,SAT,72
4/27/2011,WED,20
4/30/2011,SAT,25
5/4/2011,WED,36
5/7/2011,SAT,50
5/11/2011,WED,65
5/14/2011,SAT,81
5/18/2011,WED,97
5/21/2011,SAT,120
5/25/2011,WED,144
5/28/2011,SAT,171
6/1/2011,WED,200
6/4/2011,SAT,20
6/8/2011,WED,25
6/18/2011,SAT,36
6/22/2011,WED,48
6/25/2011,SAT,63
6/29/2011,WED,76
7/2/2011,SAT,20
7/6/2011,WED,25
7/9/2011,SAT,36
7/13/2011,WED,48
7/16/2011,SAT,61
7/20/2011,WED,76
7/23/2011,SAT,92
7/27/2011,WED,111
7/30/2011,SAT,133
8/3/2011,WED,160
8/6/2011,SAT,180
8/10/2011,WED,220
8/13/2011,SAT,20
8/17/2011,WED,25
8/20/2011,SAT,37
8/24/2011,WED,47
8/27/2011,SAT,61
8/31/2011,WED,75
9/3/2011,SAT,91
9/7/2011,WED,107
9/10/2011,SAT,20
9/14/2011,WED,25
9/17/2011,SAT,20
9/21/2011,WED,25
9/24/2011,SAT,30
9/28/2011,WED,37
10/1/2011,SAT,47
10/5/2011,WED,58
10/8/2011,SAT,71
10/12/2011,WED,86
10/15/2011,SAT,105
10/19/2011,WED,124
10/22/2011,SAT,148
10/26/2011,WED,173
10/29/2011,SAT,203
11/2/2011,WED,245
11/5/2011,SAT,20
11/9/2011,WED,25
11/12/2011,SAT,35
11/16/2011,WED,46
11/19/2011,SAT,60
11/23/2011,WED,20
11/26/2011,SAT,25
11/30/2011,WED,31
12/3/2011,SAT,40
12/7/2011,WED,52
12/10/2011,SAT,67
12/14/2011,WED,78
12/17/2011,SAT,91
12/21/2011,WED,104
12/24/2011,SAT,125
12/28/2011,WED,20
12/31/2011,SAT,25
1/4/2012,WED,30
1/7/2012,SAT,44
1/11/2012,WED,54
1/14/2012,SAT,66
1/18/2012,WED,80
1/21/2012,SAT,100
1/25/2012,WED,120
1/28/2012,SAT,146
2/1/2012,WED,170
2/4/2012,SAT,200
2/8/2012,WED,250
2/11/2012,SAT,310
2/15/2012,WED,40
2/18/2012,SAT,50
2/22/2012,WED,60
2/25/2012,SAT,70
2/29/2012,WED,40
3/3/2012,SAT,50
3/7/2012,WED,60
3/10/2012,SAT,40
3/14/2012,WED,50
3/17/2012,SAT,60
3/21/2012,WED,70
3/24/2012,SAT,40
3/28/2012,WED,50
3/31/2012,SAT,60
4/4/2012,WED,70
4/7/2012,SAT,80
4/11/2012,WED,94
4/14/2012,SAT,113
4/18/2012,WED,131
4/21/2012,SAT,152
4/25/2012,WED,173
4/28/2012,SAT,40
5/2/2012,WED,50
5/5/2012,SAT,60
5/9/2012,WED,70
5/12/2012,SAT,80
5/16/2012,WED,90
5/19/2012,SAT,100
5/23/2012,WED,110
5/26/2012,SAT,128
5/30/2012,WED,146
6/2/2012,SAT,164
6/6/2012,WED,177
6/9/2012,SAT,205
6/13/2012,WED,240
6/16/2012,SAT,40
6/20/2012,WED,50
6/23/2012,SAT,60
6/27/2012,WED,40
6/30/2012,SAT,50
7/4/2012,WED,60
7/7/2012,SAT,70
7/11/2012,WED,80
7/14/2012,SAT,90
7/18/2012,WED,100
7/21/2012,SAT,110
7/25/2012,WED,121
7/28/2012,SAT,139
8/1/2012,WED,158
8/4/2012,SAT,181
8/8/2012,WED,212
8/11/2012,SAT,253
8/15/2012,WED,305
8/18/2012,SAT,40
8/22/2012,WED,50
8/25/2012,SAT,60
8/29/2012,WED,70
9/1/2012,SAT,80
9/5/2012,WED,90
9/8/2012,SAT,100
9/12/2012,WED,110
9/15/2012,SAT,125
9/19/2012,WED,149
9/22/2012,SAT,174
9/26/2012,WED,200
9/29/2012,SAT,40
10/3/2012,WED,50
10/6/2012,SAT,40
10/10/2012,WED,50
10/13/2012,SAT,60
10/17/2012,WED,70
10/20/2012,SAT,80
10/24/2012,WED,90
10/27/2012,SAT,100
10/31/2012,WED,110
11/3/2012,SAT,124
11/7/2012,WED,143
11/10/2012,SAT,168
11/14/2012,WED,185
11/17/2012,SAT,214
11/21/2012,WED,250
11/24/2012,SAT,325
11/28/2012,WED,550
12/1/2012,SAT,40
12/5/2012,WED,50
12/8/2012,SAT,40
12/12/2012,WED,50
12/15/2012,SAT,40
12/19/2012,WED,50
12/22/2012,SAT,40
12/26/2012,WED,50
12/29/2012,SAT,40
1/2/2013,WED,50
1/5/2013,SAT,60
1/9/2013,WED,70
1/12/2013,SAT,80
1/16/2013,WED,90
1/19/2013,SAT,100
1/23/2013,WED,110
1/26/2013,SAT,130
1/30/2013,WED,151
2/2/2013,SAT,176
2/6/2013,WED,208
2/9/2013,SAT,40
2/13/2013,WED,50
2/16/2013,SAT,60
2/20/2013,WED,70
2/23/2013,SAT,80
2/27/2013,WED,90
3/2/2013,SAT,103
3/6/2013,WED,123
3/9/2013,SAT,150
3/13/2013,WED,183
3/16/2013,SAT,216
3/20/2013,WED,260
3/23/2013,SAT,320
3/27/2013,WED,40
3/30/2013,SAT,50
4/3/2013,WED,40
4/6/2013,SAT,50
4/10/2013,WED,60
4/13/2013,SAT,70
4/17/2013,WED,80
4/20/2013,SAT,95
4/24/2013,WED,116
4/27/2013,SAT,140
5/1/2013,WED,165
5/4/2013,SAT,191
5/8/2013,WED,222
5/11/2013,SAT,270
5/15/2013,WED,350
5/18/2013,SAT,600
5/22/2013,WED,40
5/25/2013,SAT,50
5/29/2013,WED,40
6/1/2013,SAT,40
6/5/2013,WED,50
6/8/2013,SAT,60
6/12/2013,WED,70
6/15/2013,SAT,85
6/19/2013,WED,105
6/22/2013,SAT,127
6/26/2013,WED,40
6/29/2013,SAT,50
7/3/2013,WED,60
7/6/2013,SAT,70
7/10/2013,WED,80
7/13/2013,SAT,94
7/17/2013,WED,116
7/20/2013,SAT,141
7/24/2013,WED,166
7/27/2013,SAT,196
7/31/2013,WED,235
8/3/2013,SAT,300
8/7/2013,WED,425
8/10/2013,SAT,40
8/14/2013,WED,50
8/17/2013,SAT,60
8/21/2013,WED,70
8/24/2013,SAT,92
8/28/2013,WED,116
8/31/2013,SAT,142
9/4/2013,WED,169
9/7/2013,SAT,203
9/11/2013,WED,245
9/14/2013,SAT,317
9/18/2013,WED,400
9/21/2013,SAT,40
9/25/2013,WED,50
9/28/2013,SAT,60
10/2/2013,WED,70
10/5/2013,SAT,86
10/9/2013,WED,108
10/12/2013,SAT,133
10/16/2013,WED,156
10/19/2013,SAT,186
10/23/2013,WED,216
10/26/2013,SAT,40
10/30/2013,WED,50
11/2/2013,SAT,60
11/6/2013,WED,70
11/9/2013,SAT,87
11/13/2013,WED,110
11/16/2013,SAT,130
11/20/2013,WED,40
11/23/2013,SAT,50
11/27/2013,WED,60
11/30/2013,SAT,70
12/4/2013,WED,81
12/7/2013,SAT,100
12/11/2013,WED,122
12/14/2013,SAT,40
12/18/2013,WED,50
12/21/2013,SAT,60
12/25/2013,WED,74
12/28/2013,SAT,40
1/1/2014,WED,50
1/4/2014,SAT,60
1/8/2014,WED,70
1/11/2014,SAT,80
1/15/2014,WED,93
1/18/2014,SAT,113
1/22/2014,WED,131
1/25/2014,SAT,152
1/29/2014,WED,171
2/1/2014,SAT,194
2/5/2014,WED,215
2/8/2014,SAT,247
2/12/2014,WED,284
2/15/2014,SAT,330
2/19/2014,WED,400
2/22/2014,SAT,40
2/26/2014,WED,50
3/1/2014,SAT,60
3/5/2014,WED,40
3/8/2014,SAT,50
3/12/2014,WED,60
3/15/2014,SAT,70
3/19/2014,WED,80
3/22/2014,SAT,96
3/26/2014,WED,40
3/29/2014,SAT,50
4/2/2014,WED,60
4/5/2014,SAT,70
4/9/2014,WED,80
4/12/2014,SAT,94
4/16/2014,WED,110
4/19/2014,SAT,128
4/23/2014,WED,150
4/26/2014,SAT,40
4/30/2014,WED,50
5/3/2014,SAT,60
5/7/2014,WED,70
5/10/2014,SAT,80
5/14/2014,WED,90
5/17/2014,SAT,100
5/21/2014,WED,114
5/24/2014,SAT,132
5/28/2014,WED,152
5/31/2014,SAT,173
6/4/2014,WED,192
6/7/2014,SAT,221
6/11/2014,WED,257
6/14/2014,SAT,40
6/18/2014,WED,50
6/21/2014,SAT,60
6/25/2014,WED,70
6/28/2014,SAT,80
7/2/2014,WED,90
7/5/2014,SAT,101
7/9/2014,WED,122
7/12/2014,SAT,40
7/16/2014,WED,50
7/19/2014,SAT,60
7/23/2014,WED,40
7/26/2014,SAT,50
7/30/2014,WED,60
8/2/2014,SAT,70
8/6/2014,WED,80
8/9/2014,SAT,90
8/13/2014,WED,40
8/16/2014,SAT,50
8/20/2014,WED,60
8/23/2014,SAT,70
8/27/2014,WED,80
8/30/2014,SAT,90
9/3/2014,WED,100
9/6/2014,SAT,110
9/10/2014,WED,127
9/13/2014,SAT,149
9/17/2014,WED,171
9/20/2014,SAT,196
9/24/2014,WED,225
9/27/2014,SAT,40
10/1/2014,WED,50
10/4/2014,SAT,60
10/8/2014,WED,70
10/11/2014,SAT,80
10/15/2014,WED,90
10/18/2014,SAT,100
10/22/2014,WED,110
10/25/2014,SAT,125
10/29/2014,WED,142
11/1/2014,SAT,159
11/5/2014,WED,178
11/8/2014,SAT,203
11/12/2014,WED,40
11/15/2014,SAT,50
11/19/2014,WED,60
11/22/2014,SAT,70
11/26/2014,WED,80
11/29/2014,SAT,90
12/3/2014,WED,40
12/6/2014,SAT,50
12/10/2014,WED,60
12/13/2014,SAT,70
12/17/2014,WED,80
12/20/2014,SAT,90
12/24/2014,WED,100
12/27/2014,SAT,110
12/31/2014,WED,120
1/3/2015,SAT,131
1/7/2015,WED,146
1/10/2015,SAT,162
1/14/2015,WED,176
1/17/2015,SAT,194
1/21/2015,WED,208
1/24/2015,SAT,230
1/28/2015,WED,261
1/31/2015,SAT,289
2/4/2015,WED,317
2/7/2015,SAT,360
2/11/2015,WED,500
2/14/2015,SAT,40
2/18/2015,WED,50
2/21/2015,SAT,60
2/25/2015,WED,70
2/28/2015,SAT,80
3/4/2015,WED,90
3/7/2015,SAT,100
3/11/2015,WED,119
3/14/2015,SAT,137
3/18/2015,WED,40
3/21/2015,SAT,50
3/25/2015,WED,40
3/28/2015,SAT,40
4/1/2015,WED,50
4/4/2015,SAT,60
4/8/2015,WED,70
4/11/2015,SAT,80
4/15/2015,WED,40
4/18/2015,SAT,50
4/22/2015,WED,40
4/25/2015,SAT,50
4/29/2015,WED,60
5/2/2015,SAT,70
5/6/2015,WED,80
5/9/2015,SAT,90
5/13/2015,WED,100
5/16/2015,SAT,110
5/20/2015,WED,121
5/23/2015,SAT,138
5/27/2015,WED,154
5/30/2015,SAT,171
6/3/2015,WED,188
6/6/2015,SAT,40
6/10/2015,WED,50
6/13/2015,SAT,60
6/17/2015,WED,70
6/20/2015,SAT,80
6/24/2015,WED,40
6/27/2015,SAT,50
7/1/2015,WED,60
7/4/2015,SAT,70
7/8/2015,WED,40
7/11/2015,SAT,50
7/15/2015,WED,60
7/18/2015,SAT,70
7/22/2015,WED,80
7/25/2015,SAT,90
7/29/2015,WED,100
8/1/2015,SAT,110
8/5/2015,WED,40
8/8/2015,SAT,50
8/12/2015,WED,60
8/15/2015,SAT,70
8/19/2015,WED,80
8/22/2015,SAT,90
8/26/2015,WED,100
8/29/2015,SAT,110
9/2/2015,WED,120
9/5/2015,SAT,133
9/9/2015,WED,149
9/12/2015,SAT,167
9/16/2015,WED,185
9/19/2015,SAT,208
9/23/2015,WED,235
9/26/2015,SAT,267
9/30/2015,WED,301
10/3/2015,SAT,40
10/7/2015,WED,50
10/10/2015,SAT,60
10/14/2015,WED,70
10/17/2015,SAT,80
10/21/2015,WED,90
10/24/2015,SAT,100
10/28/2015,WED,110
10/31/2015,SAT,127
11/4/2015,WED,142
11/7/2015,SAT,40
11/11/2015,WED,50
11/14/2015,SAT,60
11/18/2015,WED,70
11/21/2015,SAT,80
11/25/2015,WED,90
11/28/2015,SAT,100
12/2/2015,WED,110
12/5/2015,SAT,127
12/9/2015,WED,145
12/12/2015,SAT,164
12/16/2015,WED,180
12/19/2015,SAT,202
12/23/2015,WED,227
12/26/2015,SAT,255
12/30/2015,WED,300
1/2/2016,SAT,334
1/6/2016,WED,500
1/9/2016,SAT,950
1/13/2016,WED,1500 
1/16/2016,SAT,40
1/20/2016,WED,50
1/23/2016,SAT,60
1/27/2016,WED,75
1/30/2016,SAT,96
2/3/2016,WED,112
2/6/2016,SAT,136
2/10/2016,WED,157
2/13/2016,SAT,176
2/17/2016,WED,189
2/20/2016,SAT,212
2/24/2016,WED,236
2/27/2016,SAT,266
3/2/2016,WED,292
3/5/2016,SAT,40
3/9/2016,WED,50
3/12/2016,SAT,60
3/16/2016,WED,70
3/19/2016,SAT,80
3/23/2016,WED,90
3/26/2016,SAT,101
3/30/2016,WED,116
4/2/2016,SAT,135
4/6/2016,WED,148
4/9/2016,SAT,168
4/13/2016,WED,184
4/16/2016,SAT,205
4/20/2016,WED,227
4/23/2016,SAT,251
4/27/2016,WED,282
4/30/2016,SAT,314
5/4/2016,WED,348
5/7/2016,SAT,415
5/11/2016,WED,40
5/14/2016,SAT,50
5/18/2016,WED,60
5/21/2016,SAT,70
5/25/2016,WED,80
5/28/2016,SAT,90
6/1/2016,WED,100
6/4/2016,SAT,110
6/8/2016,WED,123
6/11/2016,SAT,141
6/15/2016,WED,153
6/18/2016,SAT,169
6/22/2016,WED,184
6/25/2016,SAT,203
6/29/2016,WED,222
7/2/2016,SAT,243
7/6/2016,WED,257
7/9/2016,SAT,288
7/13/2016,WED,311
7/16/2016,SAT,333
7/20/2016,WED,361
7/23/2016,SAT,390
7/27/2016,WED,422
7/30/2016,SAT,478
8/3/2016,WED,40
8/6/2016,SAT,52
8/10/2016,WED,67
8/13/2016,SAT,82
8/17/2016,WED,94
8/20/2016,SAT,110
8/24/2016,WED,127
8/27/2016,SAT,142
8/31/2016,WED,154
9/3/2016,SAT,170
9/7/2016,WED,186
9/10/2016,SAT,205
9/14/2016,WED,222
9/17/2016,SAT,244
9/21/2016,WED,40
9/24/2016,SAT,50
9/28/2016,WED,60
10/1/2016,SAT,70
10/5/2016,WED,80
10/8/2016,SAT,91
10/12/2016,WED,107
10/15/2016,SAT,122
10/19/2016,WED,136
10/22/2016,SAT,151
10/26/2016,WED,164
10/29/2016,SAT,180
11/2/2016,WED,198
11/5/2016,SAT,217
11/9/2016,WED,236
11/12/2016,SAT,258
11/16/2016,WED,293
11/19/2016,SAT,320
11/23/2016,WED,359
11/26/2016,SAT,403
11/30/2016,WED,40
12/3/2016,SAT,54
12/7/2016,WED,67
12/10/2016,SAT,85
12/14/2016,WED,100
12/17/2016,SAT,119
12/21/2016,WED,40
12/24/2016,SAT,50
12/28/2016,WED,60
12/31/2016,SAT,70
1/4/2017,WED,80
1/7/2017,SAT,94
1/11/2017,WED,106
1/14/2017,SAT,121
1/18/2017,WED,135
1/21/2017,SAT,153
1/25/2017,WED,170
1/28/2017,SAT,187
2/1/2017,WED,206
2/4/2017,SAT,229
2/8/2017,WED,255
2/11/2017,SAT,285
2/15/2017,WED,310
2/18/2017,SAT,349
2/22/2017,WED,403
2/25/2017,SAT,40
3/1/2017,WED,53
3/4/2017,SAT,68
3/8/2017,WED,85
3/11/2017,SAT,104
3/15/2017,WED,123
3/18/2017,SAT,141
3/22/2017,WED,155
3/25/2017,SAT,40
3/29/2017,WED,50
4/1/2017,SAT,60
4/5/2017,WED,40
4/8/2017,SAT,50
4/12/2017,WED,60
4/15/2017,SAT,70
4/19/2017,WED,80
4/22/2017,SAT,90
4/26/2017,WED,100
4/29/2017,SAT,113
5/3/2017,WED,130
5/6/2017,SAT,147
5/10/2017,WED,165
5/13/2017,SAT,184
5/17/2017,WED,204
5/20/2017,SAT,228
5/24/2017,WED,250
5/27/2017,SAT,275
5/31/2017,WED,302
6/3/2017,SAT,337
6/7/2017,WED,375
6/10/2017,SAT,435
6/14/2017,WED,40
6/17/2017,SAT,52
6/21/2017,WED,64
6/24/2017,SAT,79
6/28/2017,WED,92
7/1/2017,SAT,106
7/5/2017,WED,121
7/8/2017,SAT,140
7/12/2017,WED,155
7/15/2017,SAT,172
7/19/2017,WED,187
7/22/2017,SAT,205
7/26/2017,WED,220
7/29/2017,SAT,239
8/2/2017,WED,261
8/5/2017,SAT,286
8/9/2017,WED,307
8/12/2017,SAT,356
8/16/2017,WED,430
8/19/2017,SAT,535
8/23/2017,WED,700
8/26/2017,SAT,40
8/30/2017,WED,53
9/2/2017,SAT,68
9/6/2017,WED,83
9/9/2017,SAT,102
9/13/2017,WED,115
9/16/2017,SAT,132
9/20/2017,WED,40
9/23/2017,SAT,53
9/27/2017,WED,66
9/30/2017,SAT,80
10/4/2017,WED,94
10/7/2017,SAT,112
10/11/2017,WED,128
10/14/2017,SAT,143
10/18/2017,WED,156
10/21/2017,SAT,173
10/25/2017,WED,191
10/28/2017,SAT,40
11/1/2017,WED,52
11/4/2017,SAT,64
11/8/2017,WED,75
11/11/2017,SAT,90
11/15/2017,WED,103
11/18/2017,SAT,119
11/22/2017,WED,134
11/25/2017,SAT,149
11/29/2017,WED,163
12/2/2017,SAT,177
12/6/2017,WED,193
12/9/2017,SAT,212
12/13/2017,WED,229
12/16/2017,SAT,250
12/20/2017,WED,269
12/23/2017,SAT,300
12/27/2017,WED,337
12/30/2017,SAT,384
1/3/2018,WED,460
1/6/2018,SAT,570
1/10/2018,WED,40
1/13/2018,SAT,50
1/17/2018,WED,62
1/20/2018,SAT,78
1/24/2018,WED,92
1/27/2018,SAT,112
1/31/2018,WED,127
2/3/2018,SAT,145
2/7/2018,WED,165
2/10/2018,SAT,184
2/14/2018,WED,203
2/17/2018,SAT,223
2/21/2018,WED,246
2/24/2018,SAT,269
2/28/2018,WED,293
3/3/2018,SAT,321
3/7/2018,WED,348
3/10/2018,SAT,385
3/14/2018,WED,420
3/17/2018,SAT,455
3/21/2018,WED,40
3/24/2018,SAT,54
3/28/2018,WED,40
3/31/2018,SAT,50
4/4/2018,WED,60
4/7/2018,SAT,74
4/11/2018,WED,89
4/14/2018,SAT,106
4/18/2018,WED,122
4/21/2018,SAT,142
4/25/2018,WED,158
4/28/2018,SAT,177
5/2/2018,WED,195
5/5/2018,SAT,215
5/9/2018,WED,233
