half,quarter,month,day,num1970,num1971,num1972,num1973
1st,1st,1,1,305,133,207,150
1st,1st,1,2,159,195,225,328
1st,1st,1,3,251,336,246,42
1st,1st,1,4,215,99,264,28
1st,1st,1,5,101,33,265,338
1st,1st,1,6,224,285,242,36
1st,1st,1,7,306,159,292,111
1st,1st,1,8,199,116,287,206
1st,1st,1,9,194,53,338,197
1st,1st,1,10,325,101,231,37
1st,1st,1,11,329,144,90,174
1st,1st,1,12,221,152,228,126
1st,1st,1,13,318,330,183,298
1st,1st,1,14,238,71,285,341
1st,1st,1,15,17,75,325,221
1st,1st,1,16,121,136,74,309
1st,1st,1,17,235,54,9,231
1st,1st,1,18,140,185,51,72
1st,1st,1,19,58,188,195,303
1st,1st,1,20,280,211,310,161
1st,1st,1,21,186,129,206,99
1st,1st,1,22,337,132,108,259
1st,1st,1,23,118,48,349,258
1st,1st,1,24,59,177,337,62
1st,1st,1,25,52,57,2,243
1st,1st,1,26,92,140,114,311
1st,1st,1,27,355,173,72,110
1st,1st,1,28,77,346,357,304
1st,1st,1,29,349,277,266,283
1st,1st,1,30,164,112,268,114
1st,1st,1,31,211,60,239,240
1st,1st,2,1,86,335,306,112
1st,1st,2,2,144,354,28,278
1st,1st,2,3,297,186,250,54
1st,1st,2,4,210,94,92,68
1st,1st,2,5,214,97,233,96
1st,1st,2,6,347,16,148,271
1st,1st,2,7,91,25,304,154
1st,1st,2,8,181,127,208,347
1st,1st,2,9,338,187,130,136
1st,1st,2,10,216,46,276,361
1st,1st,2,11,150,227,351,26
1st,1st,2,12,68,262,340,195
1st,1st,2,13,152,13,118,263
1st,1st,2,14,4,260,64,348
1st,1st,2,15,89,201,214,308
1st,1st,2,16,212,334,353,227
1st,1st,2,17,189,345,198,46
1st,1st,2,18,292,337,189,11
1st,1st,2,19,25,331,210,127
1st,1st,2,20,302,20,86,106
1st,1st,2,21,363,213,15,316
1st,1st,2,22,290,271,13,20
1st,1st,2,23,57,351,116,247
1st,1st,2,24,236,226,359,261
1st,1st,2,25,179,325,335,260
1st,1st,2,26,365,86,136,51
1st,1st,2,27,205,66,217,186
1st,1st,2,28,299,234,83,295
1st,1st,2,29,285,NA,305,NA
1st,1st,3,1,108,14,364,203
1st,1st,3,2,29,77,184,322
1st,1st,3,3,267,207,170,220
1st,1st,3,4,275,117,283,47
1st,1st,3,5,293,299,172,266
1st,1st,3,6,139,296,327,1
1st,1st,3,7,122,141,149,2
1st,1st,3,8,213,79,229,153
1st,1st,3,9,317,278,77,321
1st,1st,3,10,323,150,360,331
1st,1st,3,11,136,317,332,239
1st,1st,3,12,300,24,258,44
1st,1st,3,13,259,241,173,244
1st,1st,3,14,354,12,203,117
1st,1st,3,15,169,157,319,152
1st,1st,3,16,166,258,347,94
1st,1st,3,17,33,220,117,363
1st,1st,3,18,332,319,168,357
1st,1st,3,19,200,189,53,358
1st,1st,3,20,239,170,200,262
1st,1st,3,21,334,246,280,300
1st,1st,3,22,265,269,345,317
1st,1st,3,23,256,281,89,22
1st,1st,3,24,258,203,133,71
1st,1st,3,25,343,298,219,65
1st,1st,3,26,170,121,122,24
1st,1st,3,27,268,254,232,181
1st,1st,3,28,223,95,215,45
1st,1st,3,29,362,147,343,21
1st,1st,3,30,217,56,191,213
1st,1st,3,31,30,38,161,326
1st,2nd,4,1,32,224,96,12
1st,2nd,4,2,271,216,129,108
1st,2nd,4,3,83,297,262,104
1st,2nd,4,4,81,37,158,280
1st,2nd,4,5,269,124,294,254
1st,2nd,4,6,253,312,297,88
1st,2nd,4,7,147,142,58,163
1st,2nd,4,8,312,267,35,50
1st,2nd,4,9,219,223,289,234
1st,2nd,4,10,218,165,194,272
1st,2nd,4,11,14,178,324,350
1st,2nd,4,12,346,89,165,23
1st,2nd,4,13,124,143,271,169
1st,2nd,4,14,231,202,248,81
1st,2nd,4,15,273,182,222,343
1st,2nd,4,16,148,31,23,119
1st,2nd,4,17,260,264,251,183
1st,2nd,4,18,90,138,139,242
1st,2nd,4,19,336,62,49,158
1st,2nd,4,20,345,118,39,314
1st,2nd,4,21,62,8,342,4
1st,2nd,4,22,316,256,126,264
1st,2nd,4,23,252,292,179,279
1st,2nd,4,24,2,244,21,362
1st,2nd,4,25,351,328,238,255
1st,2nd,4,26,340,137,45,233
1st,2nd,4,27,74,235,124,265
1st,2nd,4,28,262,82,281,55
1st,2nd,4,29,191,111,109,93
1st,2nd,4,30,208,358,29,69
1st,2nd,5,1,330,179,154,58
1st,2nd,5,2,298,96,261,275
1st,2nd,5,3,40,171,177,166
1st,2nd,5,4,276,240,137,172
1st,2nd,5,5,364,301,41,292
1st,2nd,5,6,155,268,50,337
1st,2nd,5,7,35,29,106,145
1st,2nd,5,8,321,105,216,201
1st,2nd,5,9,197,357,311,276
1st,2nd,5,10,65,146,220,100
1st,2nd,5,11,37,293,107,307
1st,2nd,5,12,133,210,52,115
1st,2nd,5,13,295,353,105,49
1st,2nd,5,14,178,40,267,224
1st,2nd,5,15,130,344,162,165
1st,2nd,5,16,55,175,205,101
1st,2nd,5,17,112,212,270,273
1st,2nd,5,18,278,180,85,98
1st,2nd,5,19,75,155,55,148
1st,2nd,5,20,183,242,119,274
1st,2nd,5,21,250,225,12,310
1st,2nd,5,22,326,199,164,333
1st,2nd,5,23,319,222,197,216
1st,2nd,5,24,31,22,60,246
1st,2nd,5,25,361,26,24,122
1st,2nd,5,26,357,148,26,118
1st,2nd,5,27,296,122,241,293
1st,2nd,5,28,308,9,91,18
1st,2nd,5,29,226,61,81,133
1st,2nd,5,30,103,209,301,48
1st,2nd,5,31,313,350,18,67
1st,2nd,6,1,249,65,274,15
1st,2nd,6,2,228,304,363,360
1st,2nd,6,3,301,135,54,245
1st,2nd,6,4,20,42,187,207
1st,2nd,6,5,28,233,78,230
1st,2nd,6,6,110,153,218,87
1st,2nd,6,7,85,169,288,251
1st,2nd,6,8,366,7,84,282
1st,2nd,6,9,335,352,140,83
1st,2nd,6,10,206,76,226,178
1st,2nd,6,11,134,355,202,64
1st,2nd,6,12,272,51,273,190
1st,2nd,6,13,69,342,47,318
1st,2nd,6,14,356,363,113,95
1st,2nd,6,15,180,276,8,16
1st,2nd,6,16,274,229,68,32
1st,2nd,6,17,73,289,193,91
1st,2nd,6,18,341,214,102,238
1st,2nd,6,19,104,163,44,52
1st,2nd,6,20,360,43,30,77
1st,2nd,6,21,60,113,296,315
1st,2nd,6,22,247,307,59,146
1st,2nd,6,23,109,44,336,212
1st,2nd,6,24,358,236,328,61
1st,2nd,6,25,137,327,213,143
1st,2nd,6,26,22,308,346,345
1st,2nd,6,27,64,55,7,330
1st,2nd,6,28,222,215,57,53
1st,2nd,6,29,353,154,196,75
1st,2nd,6,30,209,217,123,142
2nd,3rd,7,1,93,104,284,39
2nd,3rd,7,2,350,322,61,297
2nd,3rd,7,3,115,30,103,109
2nd,3rd,7,4,279,59,142,92
2nd,3rd,7,5,188,287,286,139
2nd,3rd,7,6,327,164,185,132
2nd,3rd,7,7,50,365,354,285
2nd,3rd,7,8,13,106,320,355
2nd,3rd,7,9,277,1,22,179
2nd,3rd,7,10,284,158,234,89
2nd,3rd,7,11,248,174,223,202
2nd,3rd,7,12,15,257,169,340
2nd,3rd,7,13,42,349,278,306
2nd,3rd,7,14,331,156,307,305
2nd,3rd,7,15,322,273,88,359
2nd,3rd,7,16,120,284,291,74
2nd,3rd,7,17,98,341,182,199
2nd,3rd,7,18,190,90,131,121
2nd,3rd,7,19,227,316,100,332
2nd,3rd,7,20,187,120,95,33
2nd,3rd,7,21,27,356,67,5
2nd,3rd,7,22,153,282,132,286
2nd,3rd,7,23,172,172,151,365
2nd,3rd,7,24,23,360,4,324
2nd,3rd,7,25,67,3,121,35
2nd,3rd,7,26,303,47,350,204
2nd,3rd,7,27,289,85,235,60
2nd,3rd,7,28,88,190,127,185
2nd,3rd,7,29,270,4,146,222
2nd,3rd,7,30,287,15,112,200
2nd,3rd,7,31,193,221,315,253
2nd,3rd,8,1,111,326,180,323
2nd,3rd,8,2,45,102,326,27
2nd,3rd,8,3,261,279,176,3
2nd,3rd,8,4,145,300,272,313
2nd,3rd,8,5,54,64,63,63
2nd,3rd,8,6,114,251,155,208
2nd,3rd,8,7,168,263,355,57
2nd,3rd,8,8,48,49,157,131
2nd,3rd,8,9,106,125,153,7
2nd,3rd,8,10,21,359,25,249
2nd,3rd,8,11,324,230,34,125
2nd,3rd,8,12,142,320,269,198
2nd,3rd,8,13,307,58,365,329
2nd,3rd,8,14,198,103,309,205
2nd,3rd,8,15,102,270,20,241
2nd,3rd,8,16,44,329,358,19
2nd,3rd,8,17,154,343,295,8
2nd,3rd,8,18,141,109,11,113
2nd,3rd,8,19,311,83,150,105
2nd,3rd,8,20,344,69,115,162
2nd,3rd,8,21,291,50,33,30
2nd,3rd,8,22,339,250,82,140
2nd,3rd,8,23,116,10,143,302
2nd,3rd,8,24,36,274,256,138
2nd,3rd,8,25,286,364,192,290
2nd,3rd,8,26,245,91,348,76
2nd,3rd,8,27,352,232,352,34
2nd,3rd,8,28,167,248,37,40
2nd,3rd,8,29,61,32,279,84
2nd,3rd,8,30,333,167,334,182
2nd,3rd,8,31,11,275,111,218
2nd,3rd,9,1,225,283,302,219
2nd,3rd,9,2,161,161,70,17
2nd,3rd,9,3,49,183,321,226
2nd,3rd,9,4,232,231,32,356
2nd,3rd,9,5,82,295,147,354
2nd,3rd,9,6,6,21,110,173
2nd,3rd,9,7,8,265,42,144
2nd,3rd,9,8,184,108,43,97
2nd,3rd,9,9,263,313,199,364
2nd,3rd,9,10,71,130,46,217
2nd,3rd,9,11,158,288,329,334
2nd,3rd,9,12,242,314,308,43
2nd,3rd,9,13,175,238,94,229
2nd,3rd,9,14,1,247,253,353
2nd,3rd,9,15,113,291,303,235
2nd,3rd,9,16,207,139,243,225
2nd,3rd,9,17,255,200,178,189
2nd,3rd,9,18,246,333,104,289
2nd,3rd,9,19,177,228,255,228
2nd,3rd,9,20,63,261,313,141
2nd,3rd,9,21,204,68,16,123
2nd,3rd,9,22,160,88,145,268
2nd,3rd,9,23,119,206,323,296
2nd,3rd,9,24,195,237,277,236
2nd,3rd,9,25,149,107,224,291
2nd,3rd,9,26,18,93,344,29
2nd,3rd,9,27,233,338,314,248
2nd,3rd,9,28,257,309,5,70
2nd,3rd,9,29,151,303,48,196
2nd,3rd,9,30,315,18,299,184
2nd,4th,10,1,359,306,71,215
2nd,4th,10,2,125,191,76,128
2nd,4th,10,3,244,134,144,103
2nd,4th,10,4,202,266,66,79
2nd,4th,10,5,24,166,339,86
2nd,4th,10,6,87,78,6,41
2nd,4th,10,7,234,131,80,129
2nd,4th,10,8,283,45,317,157
2nd,4th,10,9,342,302,254,116
2nd,4th,10,10,220,160,312,342
2nd,4th,10,11,237,84,201,319
2nd,4th,10,12,72,70,257,171
2nd,4th,10,13,138,92,236,269
2nd,4th,10,14,294,115,36,14
2nd,4th,10,15,171,310,75,277
2nd,4th,10,16,254,34,159,59
2nd,4th,10,17,288,290,188,177
2nd,4th,10,18,5,340,134,192
2nd,4th,10,19,241,74,163,167
2nd,4th,10,20,192,196,331,352
2nd,4th,10,21,243,5,282,288
2nd,4th,10,22,117,36,263,191
2nd,4th,10,23,201,339,152,193
2nd,4th,10,24,196,149,212,256
2nd,4th,10,25,176,17,138,9
2nd,4th,10,26,7,184,69,78
2nd,4th,10,27,264,318,98,325
2nd,4th,10,28,94,28,10,327
2nd,4th,10,29,229,259,79,349
2nd,4th,10,30,38,332,87,346
2nd,4th,10,31,79,311,160,10
2nd,4th,11,1,19,243,366,107
2nd,4th,11,2,34,205,190,214
2nd,4th,11,3,348,294,300,232
2nd,4th,11,4,266,39,166,339
2nd,4th,11,5,310,286,211,223
2nd,4th,11,6,76,245,186,211
2nd,4th,11,7,51,72,17,299
2nd,4th,11,8,97,119,260,312
2nd,4th,11,9,80,176,237,151
2nd,4th,11,10,282,63,227,257
2nd,4th,11,11,46,123,244,159
2nd,4th,11,12,66,255,259,66
2nd,4th,11,13,126,272,247,124
2nd,4th,11,14,127,11,316,237
2nd,4th,11,15,131,362,318,176
2nd,4th,11,16,107,197,120,209
2nd,4th,11,17,143,6,298,284
2nd,4th,11,18,146,280,175,160
2nd,4th,11,19,203,252,333,270
2nd,4th,11,20,185,98,125,301
2nd,4th,11,21,156,35,330,287
2nd,4th,11,22,9,253,93,102
2nd,4th,11,23,182,193,181,320
2nd,4th,11,24,230,81,62,180
2nd,4th,11,25,132,23,97,25
2nd,4th,11,26,309,52,209,344
2nd,4th,11,27,47,168,240,135
2nd,4th,11,28,281,324,31,130
2nd,4th,11,29,99,100,230,147
2nd,4th,11,30,174,67,14,134
2nd,4th,12,1,129,347,38,170
2nd,4th,12,2,328,321,99,90
2nd,4th,12,3,157,110,40,56
2nd,4th,12,4,165,305,1,250
2nd,4th,12,5,56,27,252,31
2nd,4th,12,6,10,198,356,336
2nd,4th,12,7,12,162,141,267
2nd,4th,12,8,105,323,65,210
2nd,4th,12,9,43,114,27,120
2nd,4th,12,10,41,204,362,73
2nd,4th,12,11,39,73,56,82
2nd,4th,12,12,314,19,249,85
2nd,4th,12,13,163,151,204,335
2nd,4th,12,14,26,348,275,38
2nd,4th,12,15,320,87,3,137
2nd,4th,12,16,96,41,128,187
2nd,4th,12,17,304,315,293,294
2nd,4th,12,18,128,208,73,13
2nd,4th,12,19,240,249,19,168
2nd,4th,12,20,135,218,221,149
2nd,4th,12,21,70,181,341,80
2nd,4th,12,22,53,194,156,188
2nd,4th,12,23,162,219,171,252
2nd,4th,12,24,95,2,245,155
2nd,4th,12,25,84,361,135,6
2nd,4th,12,26,173,80,361,351
2nd,4th,12,27,78,239,290,194
2nd,4th,12,28,123,128,174,156
2nd,4th,12,29,16,145,101,175
2nd,4th,12,30,3,192,167,281
2nd,4th,12,31,100,126,322,164
